<?xml version="1.0" encoding="UTF-8"?>
<project-private xmlns="http://www.netbeans.org/ns/project-private/1">
    <editor-bookmarks xmlns="http://www.netbeans.org/ns/editor-bookmarks/2" lastBookmarkId="0"/>
    <open-files xmlns="http://www.netbeans.org/ns/projectui-open-files/2">
        <group>
            <file>file:/C:/Users/Paul/Documents/NetBeansProjects/MovieDatabase/src/guis/GuiMovieSearch.java</file>
            <file>file:/C:/Users/Paul/Documents/NetBeansProjects/MovieDatabase/src/guis/GuiResultsToTable.java</file>
            <file>file:/C:/Users/Paul/Documents/NetBeansProjects/MovieDatabase/src/guis/GuiStatistics.java</file>
            <file>file:/C:/Users/Paul/Documents/NetBeansProjects/MovieDatabase/src/guis/GuiTenBestMovies.java</file>
            <file>file:/C:/Users/Paul/Documents/NetBeansProjects/MovieDatabase/src/controllers/ControllerMovieSearch.java</file>
            <file>file:/C:/Users/Paul/Documents/NetBeansProjects/MovieDatabase/src/guis/GuiBestFavoriteMovies.java</file>
            <file>file:/C:/Users/Paul/Documents/NetBeansProjects/MovieDatabase/src/pojos/FavoriteList.java</file>
            <file>file:/C:/Users/Paul/Documents/NetBeansProjects/MovieDatabase/src/controllers/ControllerStatisticsTable.java</file>
        </group>
    </open-files>
</project-private>
